AUD_CONFIG,60fab83500cc85a886b82a118a61e455,N,AUD_TCA_CONFIG|AUD_TCB_CONFIG|AUD_TCC_CONFIG
AUD_PIN_ELD_CP_VLD,d3d781fcfbc76d945a6231a04a512645,N,AUD_PIN_ELD_CP_VLD
AUD_WD_CNTRL,e5fde728c53dd0a54aff135e1e0b5831,N,AUD_WD_CNTRL_2|AUD_WD_CNTRL_1
CDCLK_CTL,cabef236cb1c4b5c1ee1599213619c09,N,CDCLK_CTL
CDCLK_PLL_ENABLE,1936e190c5b42f4090a0db579fedc7b4,N,CDCLK_PLL_ENABLE
CUR_BASE,1f0bfb68245450b7dc82a850887ffa0e,N,CUR_BASE_A|CUR_BASE_B|CUR_BASE_C
CUR_CTL,7870de2da6ed53c82d5a69ca86674338,N,CUR_CTL_A|CUR_CTL_B|CUR_CTL_C
CUR_FBC_CTL,956bfa7d136e97bd652a23d58ef11c11,N,CUR_FBC_CTL_A|CUR_FBC_CTL_B|CUR_FBC_CTL_C
CUR_PAL,449490336ab6ad40b5a8f59c68baa382,N,CUR_PAL_A_0|CUR_PAL_A_1|CUR_PAL_A_2|CUR_PAL_A_3|CUR_PAL_B_0|CUR_PAL_B_1|CUR_PAL_B_2|CUR_PAL_B_3|CUR_PAL_C_0|CUR_PAL_C_1|CUR_PAL_C_2|CUR_PAL_C_3
CUR_POS,38943771f94aba92596719529681e31a,N,CUR_POS_A|CUR_POS_B|CUR_POS_C
DATAM,3d95a5e4030d9bb139e258a1b9b1d8e5,N,TRANS_DATAM1_A|TRANS_DATAM1_B|TRANS_DATAM1_C|TRANS_DATAM1_EDP
DATAN,23cfb6c0dd97207f2647484ca2b99218,N,TRANS_DATAN1_A|TRANS_DATAN1_B|TRANS_DATAN1_C|TRANS_DATAN1_EDP
DBUF_CTL,274392b68ded1473805c83a0782c4d2d,N,DBUF_CTL_S1|DBUF_CTL_S2
DDI_BUF_CTL,c509bc8dce4f349c68cbc1d037f70c48,N,DDI_BUF_CTL_A|DDI_BUF_CTL_B|DDI_BUF_CTL_C|DDI_BUF_CTL_D|DDI_BUF_CTL_E|DDI_BUF_CTL_F
DDI_CLK_SEL,ab2f69afe797de7ab98c4367e23a4e55,N,DDI_CLK_SEL_C|DDI_CLK_SEL_D|DDI_CLK_SEL_E|DDI_CLK_SEL_F|DDI_CLK_SEL_G|DDI_CLK_SEL_H
DPCLKA_CFGCR0,f58f546c7b40c4953cdf7c6aa3982602,N,DPCLKA_CFGCR0
DPHY_ESC_CLK_DIV,0ddc690e0e53c7f124cdc442fd8334f4,N,DPHY_ESC_CLK_DIV_0|DPHY_ESC_CLK_DIV_1
DPLL_CFGCR0,a3e30b314c147637bcea09bf1a9ef41d,N,DPLL0_CFGCR0|DPLL1_CFGCR0|DPLL4_CFGCR0|TBTPLL_CFGCR0
DPLL_CFGCR1,effba2df7943eeb3090b8ad82e6fa9ad,N,DPLL0_CFGCR1|DPLL1_CFGCR1|DPLL4_CFGCR1|TBTPLL_CFGCR1
DPLL_ENABLE,8ec67ed906b0b947a85209608f82b83c,N,DPLL0_ENABLE|DPLL1_ENABLE|MGPLL1_ENABLE|MGPLL2_ENABLE|MGPLL3_ENABLE|MGPLL4_ENABLE|MGPLL5_ENABLE|MGPLL6_ENABLE|MGPLL7_ENABLE|MGPLL8_ENABLE|TBT_PLL_ENABLE
DP_TP_CTL,993835301307ff97b38bcb2d8c4566b9,N,DP_TP_CTL_A|DP_TP_CTL_B|DP_TP_CTL_C|DP_TP_CTL_D|DP_TP_CTL_E|DP_TP_CTL_F
DP_TP_STATUS,72e1ace7958da1e5b571281e2701aa88,N,DP_TP_STATUS_B|DP_TP_STATUS_C|DP_TP_STATUS_D|DP_TP_STATUS_E|DP_TP_STATUS_F
DSC_CHICKEN_1,60cb9d942fb2da4e36d6575c5c494a4b,N,DSC0_CHICKEN_1_PB|DSC0_CHICKEN_1_PC|DSC1_CHICKEN_1_PB|DSC1_CHICKEN_1_PC|DSC_CHICKEN_1_A|DSC_CHICKEN_1_C
DSC_CRC_CTL,63eff8fb67faf3284e53dbd54dc54aa1,N,DSC0_CRC_CTL_PB|DSC0_CRC_CTL_PC|DSC1_CRC_CTL_PB|DSC1_CRC_CTL_PC|DSC_CRC_CTL_A|DSC_CRC_CTL_C
DSC_DBG_CTL,7be7e19d933866873f8181808443d61d,N,DSC0_DBG_CTL_PB|DSC0_DBG_CTL_PC|DSC1_DBG_CTL_PB|DSC1_DBG_CTL_PC|DSC_DBG_CTL_A|DSC_DBG_CTL_C
DSC_PICTURE_PARAMETER_SET_0,de13b8226a7ef49ebb3c3f63877a0c52,N,DSC0_PICTURE_PARAMETER_SET_0_PB|DSC0_PICTURE_PARAMETER_SET_0_PC|DSC1_PICTURE_PARAMETER_SET_0_PB|DSC1_PICTURE_PARAMETER_SET_0_PC|DSCA_PICTURE_PARAMETER_SET_0|DSCC_PICTURE_PARAMETER_SET_0
DSC_PICTURE_PARAMETER_SET_1,0de4eb92eeff21d5d7611468ce8a5770,N,DSC0_PICTURE_PARAMETER_SET_1_PB|DSC0_PICTURE_PARAMETER_SET_1_PC|DSC1_PICTURE_PARAMETER_SET_1_PB|DSC1_PICTURE_PARAMETER_SET_1_PC|DSCA_PICTURE_PARAMETER_SET_1|DSCC_PICTURE_PARAMETER_SET_1
DSC_PICTURE_PARAMETER_SET_10,91488571a9add4f6ad37ad8c85282d6d,N,DSC0_PICTURE_PARAMETER_SET_10_PB|DSC0_PICTURE_PARAMETER_SET_10_PC|DSC1_PICTURE_PARAMETER_SET_10_PB|DSC1_PICTURE_PARAMETER_SET_10_PC|DSCA_PICTURE_PARAMETER_SET_10|DSCC_PICTURE_PARAMETER_SET_10
DSC_PICTURE_PARAMETER_SET_11,0a160f79f48caed774ec9ca0d1b9510c,N,DSC0_PICTURE_PARAMETER_SET_11_PB|DSC0_PICTURE_PARAMETER_SET_11_PC|DSC1_PICTURE_PARAMETER_SET_11_PB|DSC1_PICTURE_PARAMETER_SET_11_PC|DSCA_PICTURE_PARAMETER_SET_11|DSCC_PICTURE_PARAMETER_SET_11
DSC_PICTURE_PARAMETER_SET_12,ae847cc284f4ca4c429581e1fe94a7e0,N,DSC0_PICTURE_PARAMETER_SET_12_PB|DSC0_PICTURE_PARAMETER_SET_12_PC|DSC1_PICTURE_PARAMETER_SET_12_PB|DSC1_PICTURE_PARAMETER_SET_12_PC|DSCA_PICTURE_PARAMETER_SET_12|DSCC_PICTURE_PARAMETER_SET_12
DSC_PICTURE_PARAMETER_SET_13,143de046b30d9f77522fe4aabd2a9989,N,DSC0_PICTURE_PARAMETER_SET_13_PB|DSC0_PICTURE_PARAMETER_SET_13_PC|DSC1_PICTURE_PARAMETER_SET_13_PB|DSC1_PICTURE_PARAMETER_SET_13_PC|DSCA_PICTURE_PARAMETER_SET_13|DSCC_PICTURE_PARAMETER_SET_13
DSC_PICTURE_PARAMETER_SET_14,35afd942f3b72ce8c9b2e92ab0302dd0,N,DSC0_PICTURE_PARAMETER_SET_14_PB|DSC0_PICTURE_PARAMETER_SET_14_PC|DSC1_PICTURE_PARAMETER_SET_14_PB|DSC1_PICTURE_PARAMETER_SET_14_PC|DSCA_PICTURE_PARAMETER_SET_14|DSCC_PICTURE_PARAMETER_SET_14
DSC_PICTURE_PARAMETER_SET_15,cfb55f53a1b506f527b40a736e0d76a9,N,DSC0_PICTURE_PARAMETER_SET_15_PB|DSC0_PICTURE_PARAMETER_SET_15_PC|DSC1_PICTURE_PARAMETER_SET_15_PB|DSC1_PICTURE_PARAMETER_SET_15_PC|DSCA_PICTURE_PARAMETER_SET_15|DSCC_PICTURE_PARAMETER_SET_15
DSC_PICTURE_PARAMETER_SET_16,0f731fa036fc8a5fd246cb164ff02d96,N,DSC0_PICTURE_PARAMETER_SET_16_PB|DSC0_PICTURE_PARAMETER_SET_16_PC|DSC1_PICTURE_PARAMETER_SET_16_PB|DSC1_PICTURE_PARAMETER_SET_16_PC|DSCA_PICTURE_PARAMETER_SET_16|DSCC_PICTURE_PARAMETER_SET_16
DSC_PICTURE_PARAMETER_SET_2,66dbf1077ae4df71f28ef443982ffa53,N,DSC0_PICTURE_PARAMETER_SET_2_PB|DSC0_PICTURE_PARAMETER_SET_2_PC|DSC1_PICTURE_PARAMETER_SET_2_PB|DSC1_PICTURE_PARAMETER_SET_2_PC|DSCA_PICTURE_PARAMETER_SET_2|DSCC_PICTURE_PARAMETER_SET_2
DSC_PICTURE_PARAMETER_SET_3,43ab43a0ce71e802fd7efc9372e343ad,N,DSC0_PICTURE_PARAMETER_SET_3_PB|DSC0_PICTURE_PARAMETER_SET_3_PC|DSC1_PICTURE_PARAMETER_SET_3_PB|DSC1_PICTURE_PARAMETER_SET_3_PC|DSCA_PICTURE_PARAMETER_SET_3|DSCC_PICTURE_PARAMETER_SET_3
DSC_PICTURE_PARAMETER_SET_4,bb87ea43b119bba9bd7de8438c6565ae,N,DSC0_PICTURE_PARAMETER_SET_4_PB|DSC0_PICTURE_PARAMETER_SET_4_PC|DSC1_PICTURE_PARAMETER_SET_4_PB|DSC1_PICTURE_PARAMETER_SET_4_PC|DSCA_PICTURE_PARAMETER_SET_4|DSCC_PICTURE_PARAMETER_SET_4
DSC_PICTURE_PARAMETER_SET_5,d197d5638b10794a596a39348708be4e,N,DSC0_PICTURE_PARAMETER_SET_5_PB|DSC0_PICTURE_PARAMETER_SET_5_PC|DSC1_PICTURE_PARAMETER_SET_5_PB|DSC1_PICTURE_PARAMETER_SET_5_PC|DSCA_PICTURE_PARAMETER_SET_5|DSCC_PICTURE_PARAMETER_SET_5
DSC_PICTURE_PARAMETER_SET_6,9de685b546fd7898a69bc5b25060408c,N,DSC0_PICTURE_PARAMETER_SET_6_PB|DSC0_PICTURE_PARAMETER_SET_6_PC|DSC1_PICTURE_PARAMETER_SET_6_PB|DSC1_PICTURE_PARAMETER_SET_6_PC|DSCA_PICTURE_PARAMETER_SET_6|DSCC_PICTURE_PARAMETER_SET_6
DSC_PICTURE_PARAMETER_SET_7,f62672d352764183eb46f6370d8185c3,N,DSC0_PICTURE_PARAMETER_SET_7_PB|DSC0_PICTURE_PARAMETER_SET_7_PC|DSC1_PICTURE_PARAMETER_SET_7_PB|DSC1_PICTURE_PARAMETER_SET_7_PC|DSCA_PICTURE_PARAMETER_SET_7|DSCC_PICTURE_PARAMETER_SET_7
DSC_PICTURE_PARAMETER_SET_8,c7bde51bce9a66cb06c44ec6fab4165b,N,DSC0_PICTURE_PARAMETER_SET_8_PB|DSC0_PICTURE_PARAMETER_SET_8_PC|DSC1_PICTURE_PARAMETER_SET_8_PB|DSC1_PICTURE_PARAMETER_SET_8_PC|DSCA_PICTURE_PARAMETER_SET_8|DSCC_PICTURE_PARAMETER_SET_8
DSC_PICTURE_PARAMETER_SET_9,36a8a7705671dc5b410833db3ff8998f,N,DSC0_PICTURE_PARAMETER_SET_9_PB|DSC0_PICTURE_PARAMETER_SET_9_PC|DSC1_PICTURE_PARAMETER_SET_9_PB|DSC1_PICTURE_PARAMETER_SET_9_PC|DSCA_PICTURE_PARAMETER_SET_9|DSCC_PICTURE_PARAMETER_SET_9
DSC_RC_BUF_THRESH_0,023d24aff1251b3a0c4f42fc910dd48e,N,DSC0_RC_BUF_THRESH_0_PB|DSC0_RC_BUF_THRESH_0_PC|DSC1_RC_BUF_THRESH_0_PB|DSC1_RC_BUF_THRESH_0_PC|DSCA_RC_BUF_THRESH_0|DSCC_RC_BUF_THRESH_0
DSC_RC_BUF_THRESH_1,f2e528397982093d7e3ef721f6473e11,N,DSC0_RC_BUF_THRESH_1_PB|DSC0_RC_BUF_THRESH_1_PC|DSC1_RC_BUF_THRESH_1_PB|DSC1_RC_BUF_THRESH_1_PC|DSCA_RC_BUF_THRESH_1|DSCC_RC_BUF_THRESH_1
DSC_RC_RANGE_PARAMETERS_0,5b4011600775bc95229ccee5360f2b0e,N,DSC0_RC_RANGE_PARAMETERS_0_PB|DSC0_RC_RANGE_PARAMETERS_0_PC|DSC1_RC_RANGE_PARAMETERS_0_PB|DSC1_RC_RANGE_PARAMETERS_0_PC|DSCA_RC_RANGE_PARAMETERS_0|DSCC_RC_RANGE_PARAMETERS_0
DSC_RC_RANGE_PARAMETERS_1,aaefe7d94cc81f2988c6f7c6a1e63037,N,DSC0_RC_RANGE_PARAMETERS_1_PB|DSC0_RC_RANGE_PARAMETERS_1_PC|DSC1_RC_RANGE_PARAMETERS_1_PB|DSC1_RC_RANGE_PARAMETERS_1_PC|DSCA_RC_RANGE_PARAMETERS_1|DSCC_RC_RANGE_PARAMETERS_1
DSC_RC_RANGE_PARAMETERS_2,7216974890506ec9718a2636ca2ae128,N,DSC0_RC_RANGE_PARAMETERS_2_PB|DSC0_RC_RANGE_PARAMETERS_2_PC|DSC1_RC_RANGE_PARAMETERS_2_PB|DSC1_RC_RANGE_PARAMETERS_2_PC|DSCA_RC_RANGE_PARAMETERS_2|DSCC_RC_RANGE_PARAMETERS_2
DSC_RC_RANGE_PARAMETERS_3,a4680996f5d8490e37729561378b3025,N,DSC0_RC_RANGE_PARAMETERS_3_PB|DSC0_RC_RANGE_PARAMETERS_3_PC|DSC1_RC_RANGE_PARAMETERS_3_PB|DSC1_RC_RANGE_PARAMETERS_3_PC|DSCA_RC_RANGE_PARAMETERS_3|DSCC_RC_RANGE_PARAMETERS_3
DSI_CMD_TXHDR,46a1e62c0568e94cd94677b99ec2bc74,N,DSI_CMD_TXHDR_0|DSI_CMD_TXHDR_1
DSI_ESC_CLK_DIV,5ce71e207282eb3e2c16558194c85b72,N,DSI_ESC_CLK_DIV_0|DSI_ESC_CLK_DIV_1
DSI_INTER_IDENT_REG,2519d6994a862a24aa3b9973499d45ea,N,DSI_INTER_IDENT_REG_0|DSI_INTER_IDENT_REG_1
DSI_INTER_MSK_REG,81d700731c3ae3376aa5c89013b78db9,N,DSI_INTER_MSK_REG_0|DSI_INTER_MSK_REG_1
DSI_IO_MODECTL,a2e0d08a0cb9c009de817e9da1498124,N,DSI_IO_MODECTL_0|DSI_IO_MODECTL_1
DSI_LP_MSG,67e8031206344310d85e13e444a0d662,N,DSI_LP_MSG_0|DSI_LP_MSG_1
DSI_T_INIT_MASTER,52673387a9bcfb56cae6915acc33b688,N,DSI_T_INIT_MASTER_0|DSI_T_INIT_MASTER_1
DSI_T_WAKEUP,e76a2834e73d80f81f41560964256a56,N,DSI_T_WAKEUP_0|DSI_T_WAKEUP_1
DSS_CTL1,608562500b307c48314872afadffe0bf,N,DSS_CTL1
DSS_CTL2,dda183e4550f039b332f614ade4d3208,N,DSS_CTL2
FUSE_STATUS,d549f5838ac4a6d71af72e2e3ff7fbca,N,FUSE_STATUS
HDCP2_AUTH,563be7532e416799180b297111bc7404,N,HDCP2_AUTH_DDIA|HDCP2_AUTH_DDIB|HDCP2_AUTH_DDIC|HDCP2_AUTH_DDID|HDCP2_AUTH_DDIE|HDCP2_AUTH_DDIF
HDCP2_AUTH_STREAM,c3f51dbc28f367961905c0bd908f2460,N,HDCP2_AUTH_STREAMA|HDCP2_AUTH_STREAMB|HDCP2_AUTH_STREAMC|HDCP2_AUTH_STREAMD
HDCP2_CTL,e39ea42973ba87bd47a3002874669b7b,N,HDCP2_CTL_DDIA|HDCP2_CTL_DDIB|HDCP2_CTL_DDIC|HDCP2_CTL_DDID|HDCP2_CTL_DDIE|HDCP2_CTL_DDIF
HDCP2_RIV,cb304525feca71f3d00b956627031653,N,HDCP2_RIV_DDIA_*|HDCP2_RIV_DDIB_*|HDCP2_RIV_DDIC_*|HDCP2_RIV_DDID_*|HDCP2_RIV_DDIE_*|HDCP2_RIV_DDIF_*
HDCP2_SKEY,880b6ae332f662959a54c8b3c51b1f7d,N,HDCP2_SKEY_DDIA_*|HDCP2_SKEY_DDIB_*|HDCP2_SKEY_DDIC_*|HDCP2_SKEY_DDID_*|HDCP2_SKEY_DDIE_*|HDCP2_SKEY_DDIF_*
HDCP2_STATUS,92e3bf184f7697a5ad8475eb51732a2a,N,HDCP2_STATUS_DDIA|HDCP2_STATUS_DDIB|HDCP2_STATUS_DDIC|HDCP2_STATUS_DDID|HDCP2_STATUS_DDIE|HDCP2_STATUS_DDIF
LINKM,4f78363a156841fb96223315d6b1c21c,N,TRANS_LINKM1_A|TRANS_LINKM1_B|TRANS_LINKM1_C|TRANS_LINKM1_EDP
LINKN,bbb58f6abf10f325a355d41ddb875884,N,TRANS_LINKN1_A|TRANS_LINKN1_B|TRANS_LINKN1_C|TRANS_LINKN1_EDP
LUT_3D_CTL,08a32d83e8b692ee236b8df0c250d948,N,LUT_3D_CTL_A
LUT_3D_DATA,49a7397dd84a6cf75d7bbcf0873cbf9b,N,LUT_3D_DATA_A
LUT_3D_INDEX,7d90a0ba9957e99dd1ac77398f37c6ab,N,LUT_3D_INDEX_A
MG_CLKTOP_CORECLKCTL1,2c3a68f43196d5964478bc4c96c89b3d,N,MG_CLKTOP2_CORECLKCTL1_PORT1|MG_CLKTOP2_CORECLKCTL1_PORT2|MG_CLKTOP2_CORECLKCTL1_PORT3|MG_CLKTOP2_CORECLKCTL1_PORT4
MG_CLKTOP_HSCLKCTL,cfa33cb4bd7ae4ac98d1b8ce09a32b6d,N,MG_CLKTOP2_HSCLKCTL_PORT1|MG_CLKTOP2_HSCLKCTL_PORT2|MG_CLKTOP2_HSCLKCTL_PORT3|MG_CLKTOP2_HSCLKCTL_PORT4
MG_DP_MODE,363351e39ebd95d8c454835769af91d0,N,MG_DP_MODE_LN0_ACU_PORT1|MG_DP_MODE_LN0_ACU_PORT2|MG_DP_MODE_LN0_ACU_PORT3|MG_DP_MODE_LN0_ACU_PORT4|MG_DP_MODE_LN1_ACU_PORT1|MG_DP_MODE_LN1_ACU_PORT2|MG_DP_MODE_LN1_ACU_PORT3|MG_DP_MODE_LN1_ACU_PORT4
MG_PLL_BIAS,a6305d184ea9a47afc6e056476417c52,N,MG_PLL1_BIAS_PORT1|MG_PLL1_BIAS_PORT2|MG_PLL1_BIAS_PORT3|MG_PLL1_BIAS_PORT4
MG_PLL_DIV0,92c46f5bafdfee1111b1565fff50ea0b,N,MG_PLL1_DIV0_PORT1|MG_PLL1_DIV0_PORT2|MG_PLL1_DIV0_PORT3|MG_PLL1_DIV0_PORT4
MG_PLL_DIV1,923bd9be854adf5a8451feda2970a981,N,MG_PLL1_DIV1_PORT1|MG_PLL1_DIV1_PORT2|MG_PLL1_DIV1_PORT3|MG_PLL1_DIV1_PORT4
MG_PLL_FRAC_LOCK,41e6129bff2ea6cab395e44bde3960cf,N,MG_PLL1_FRAC_LOCK_PORT1|MG_PLL1_FRAC_LOCK_PORT2|MG_PLL1_FRAC_LOCK_PORT3|MG_PLL1_FRAC_LOCK_PORT4
MG_PLL_LF,75c751cae0458b7cc03137928668ebc5,N,MG_PLL1_LF_PORT1|MG_PLL1_LF_PORT2|MG_PLL1_LF_PORT3|MG_PLL1_LF_PORT4
MG_PLL_SSC,666f88a023bcfda3a46791b05fdd6bf6,N,MG_PLL1_SSC_PORT1|MG_PLL1_SSC_PORT2|MG_PLL1_SSC_PORT3|MG_PLL1_SSC_PORT4
MG_PLL_TDC_COLDST_BIAS,a41eb3b32ce56ad6b5e444c467ba3ed4,N,MG_PLL1_TDC_COLDST_BIAS_PORT1|MG_PLL1_TDC_COLDST_BIAS_PORT2|MG_PLL1_TDC_COLDST_BIAS_PORT3|MG_PLL1_TDC_COLDST_BIAS_PORT4
MG_REFCLKIN_CTL,c619cef21891802273d93e65c9bcd685,N,MG_REFCLKIN_CTL_PORT1|MG_REFCLKIN_CTL_PORT2|MG_REFCLKIN_CTL_PORT3|MG_REFCLKIN_CTL_PORT4
MG_TX_DRVCTRL,0a1d6ce9e6ed38fcf2b77abb4686f1df,N,MG_TX_DRVCTRL_TX1LN0_TXPORT1|MG_TX_DRVCTRL_TX1LN0_TXPORT2|MG_TX_DRVCTRL_TX1LN0_TXPORT3|MG_TX_DRVCTRL_TX1LN0_TXPORT4|MG_TX_DRVCTRL_TX1LN1_TXPORT1|MG_TX_DRVCTRL_TX1LN1_TXPORT2|MG_TX_DRVCTRL_TX1LN1_TXPORT3|MG_TX_DRVCTRL_TX1LN1_TXPORT4|MG_TX_DRVCTRL_TX2LN0_TXPORT1|MG_TX_DRVCTRL_TX2LN0_TXPORT2|MG_TX_DRVCTRL_TX2LN0_TXPORT3|MG_TX_DRVCTRL_TX2LN0_TXPORT4|MG_TX_DRVCTRL_TX2LN1_TXPORT1|MG_TX_DRVCTRL_TX2LN1_TXPORT2|MG_TX_DRVCTRL_TX2LN1_TXPORT3|MG_TX_DRVCTRL_TX2LN1_TXPORT4
MG_TX_LINK_PARAMS,a2cb0aab5ec9405ed723383e8f0c8b0d,N,MG_TX_LINK_PARAMS_TX1LN0_PORT1|MG_TX_LINK_PARAMS_TX1LN0_PORT2|MG_TX_LINK_PARAMS_TX1LN0_PORT3|MG_TX_LINK_PARAMS_TX1LN0_PORT4|MG_TX_LINK_PARAMS_TX1LN1_PORT1|MG_TX_LINK_PARAMS_TX1LN1_PORT2|MG_TX_LINK_PARAMS_TX1LN1_PORT3|MG_TX_LINK_PARAMS_TX1LN1_PORT4|MG_TX_LINK_PARAMS_TX2LN0_PORT1|MG_TX_LINK_PARAMS_TX2LN0_PORT2|MG_TX_LINK_PARAMS_TX2LN0_PORT3|MG_TX_LINK_PARAMS_TX2LN0_PORT4|MG_TX_LINK_PARAMS_TX2LN1_PORT1|MG_TX_LINK_PARAMS_TX2LN1_PORT2|MG_TX_LINK_PARAMS_TX2LN1_PORT3|MG_TX_LINK_PARAMS_TX2LN1_PORT4
MG_TX_PISO_READLOAD,715cccceff0c124f509e7825b0986628,N,MG_TX_PISO_READLOAD_TX1LN0_PORT1|MG_TX_PISO_READLOAD_TX1LN0_PORT2|MG_TX_PISO_READLOAD_TX1LN0_PORT3|MG_TX_PISO_READLOAD_TX1LN0_PORT4|MG_TX_PISO_READLOAD_TX1LN1_PORT1|MG_TX_PISO_READLOAD_TX1LN1_PORT2|MG_TX_PISO_READLOAD_TX1LN1_PORT3|MG_TX_PISO_READLOAD_TX1LN1_PORT4|MG_TX_PISO_READLOAD_TX2LN0_PORT1|MG_TX_PISO_READLOAD_TX2LN0_PORT2|MG_TX_PISO_READLOAD_TX2LN0_PORT3|MG_TX_PISO_READLOAD_TX2LN0_PORT4|MG_TX_PISO_READLOAD_TX2LN1_PORT1|MG_TX_PISO_READLOAD_TX2LN1_PORT2|MG_TX_PISO_READLOAD_TX2LN1_PORT3|MG_TX_PISO_READLOAD_TX2LN1_PORT4
MG_TX_SWINGCTRL,2557b758391796b18c60331fcac90572,N,MG_TX_SWINGCTRL_TX1LN0_PORT1|MG_TX_SWINGCTRL_TX1LN0_PORT2|MG_TX_SWINGCTRL_TX1LN0_PORT3|MG_TX_SWINGCTRL_TX1LN0_PORT4|MG_TX_SWINGCTRL_TX1LN1_PORT1|MG_TX_SWINGCTRL_TX1LN1_PORT2|MG_TX_SWINGCTRL_TX1LN1_PORT3|MG_TX_SWINGCTRL_TX1LN1_PORT4|MG_TX_SWINGCTRL_TX2LN0_PORT1|MG_TX_SWINGCTRL_TX2LN0_PORT2|MG_TX_SWINGCTRL_TX2LN0_PORT3|MG_TX_SWINGCTRL_TX2LN0_PORT4|MG_TX_SWINGCTRL_TX2LN1_PORT1|MG_TX_SWINGCTRL_TX2LN1_PORT2|MG_TX_SWINGCTRL_TX2LN1_PORT3|MG_TX_SWINGCTRL_TX2LN1_PORT4
MSG_MEDE_KVMR_SPR_CTL,d738793c415e2ce8ef98bbe1ff2ee5ea,N,MSG_MEDE_KVMR_SPR_CTL
MSG_MEDE_KVMR_SPR_PAL,21459430be1da3196d305bc84c8706f4,N,MSG_MEDE_KVMR_SPR_PAL
MSG_MEDE_KVMR_SPR_POS,cb15817a0d9feed2150364eaa97e6e19,N,MSG_MEDE_KVMR_SPR_POS
MSG_MEDE_KVMR_SPR_SIZE,1541a4e567658be2baf7b83eb2f7bf43,N,MSG_MEDE_KVMR_SPR_SIZE
MSG_MEDE_KVMR_SPR_SURF,a02305cdd5cc12fb7c875037d6fc6682,N,MSG_MEDE_KVMR_SPR_SURF
NDE_RSTWRN_OPT,a2421b60fceb6744060ad8381836b842,N,NDE_RSTWRN_OPT
PHY_MISC,21010b659fa156b4b3148d5016034565,N,PHY_MISC_A|PHY_MISC_B
PIPE_SRCSZ,1a40a732b178513d6558bc592991a6c3,N,PIPE_SRCSZ_A|PIPE_SRCSZ_B|PIPE_SRCSZ_C
PLANE_AUX_DIST,5180e0b2108b7a491856838b463071e3,N,PLANE_AUX_DIST_1_A|PLANE_AUX_DIST_1_B|PLANE_AUX_DIST_1_C|PLANE_AUX_DIST_2_A|PLANE_AUX_DIST_2_B|PLANE_AUX_DIST_2_C|PLANE_AUX_DIST_3_A|PLANE_AUX_DIST_3_B|PLANE_AUX_DIST_3_C|PLANE_AUX_DIST_4_A|PLANE_AUX_DIST_4_B|PLANE_AUX_DIST_4_C|PLANE_AUX_DIST_5_A|PLANE_AUX_DIST_5_B|PLANE_AUX_DIST_5_C|PLANE_AUX_DIST_6_A|PLANE_AUX_DIST_6_B|PLANE_AUX_DIST_6_C|PLANE_AUX_DIST_7_A|PLANE_AUX_DIST_7_B|PLANE_AUX_DIST_7_C
PLANE_BUF_CFG,cc47ed0d6ddcf4391a06d64b44f40696,N,CUR_BUF_CFG_A|CUR_BUF_CFG_B|CUR_BUF_CFG_C|PLANE_BUF_CFG_1_A|PLANE_BUF_CFG_1_B|PLANE_BUF_CFG_1_C|PLANE_BUF_CFG_2_A|PLANE_BUF_CFG_2_B|PLANE_BUF_CFG_2_C|PLANE_BUF_CFG_3_A|PLANE_BUF_CFG_3_B|PLANE_BUF_CFG_3_C|PLANE_BUF_CFG_4_A|PLANE_BUF_CFG_4_B|PLANE_BUF_CFG_4_C|PLANE_BUF_CFG_5_A|PLANE_BUF_CFG_5_B|PLANE_BUF_CFG_5_C|PLANE_BUF_CFG_6_A|PLANE_BUF_CFG_6_B|PLANE_BUF_CFG_6_C|PLANE_BUF_CFG_7_A|PLANE_BUF_CFG_7_B|PLANE_BUF_CFG_7_C
PLANE_COLOR_CTL,693799e1fe08bb6c9e35ebf1668ba4b2,N,PLANE_COLOR_CTL_1_A|PLANE_COLOR_CTL_1_B|PLANE_COLOR_CTL_1_C|PLANE_COLOR_CTL_2_A|PLANE_COLOR_CTL_2_B|PLANE_COLOR_CTL_2_C|PLANE_COLOR_CTL_3_A|PLANE_COLOR_CTL_3_B|PLANE_COLOR_CTL_3_C|PLANE_COLOR_CTL_4_A|PLANE_COLOR_CTL_4_B|PLANE_COLOR_CTL_4_C|PLANE_COLOR_CTL_5_A|PLANE_COLOR_CTL_5_B|PLANE_COLOR_CTL_5_C|PLANE_COLOR_CTL_6_A|PLANE_COLOR_CTL_6_B|PLANE_COLOR_CTL_6_C|PLANE_COLOR_CTL_7_A|PLANE_COLOR_CTL_7_B|PLANE_COLOR_CTL_7_C
PLANE_CTL,c72c42e3be457ba6716a71a18a2d3560,N,PLANE_CTL_1_A|PLANE_CTL_1_B|PLANE_CTL_1_C|PLANE_CTL_2_A|PLANE_CTL_2_B|PLANE_CTL_2_C|PLANE_CTL_3_A|PLANE_CTL_3_B|PLANE_CTL_3_C|PLANE_CTL_4_A|PLANE_CTL_4_B|PLANE_CTL_4_C|PLANE_CTL_5_A|PLANE_CTL_5_B|PLANE_CTL_5_C|PLANE_CTL_6_A|PLANE_CTL_6_B|PLANE_CTL_6_C|PLANE_CTL_7_A|PLANE_CTL_7_B|PLANE_CTL_7_C
PLANE_KEYMAX,61ff5ae615bfc26f19b9d236a143916f,N,PLANE_KEYMAX_1_A|PLANE_KEYMAX_1_B|PLANE_KEYMAX_1_C|PLANE_KEYMAX_2_A|PLANE_KEYMAX_2_B|PLANE_KEYMAX_2_C|PLANE_KEYMAX_3_A|PLANE_KEYMAX_3_B|PLANE_KEYMAX_3_C|PLANE_KEYMAX_4_A|PLANE_KEYMAX_4_B|PLANE_KEYMAX_4_C|PLANE_KEYMAX_5_A|PLANE_KEYMAX_5_B|PLANE_KEYMAX_5_C|PLANE_KEYMAX_6_A|PLANE_KEYMAX_6_B|PLANE_KEYMAX_6_C|PLANE_KEYMAX_7_A|PLANE_KEYMAX_7_B|PLANE_KEYMAX_7_C
PLANE_KEYMSK,19cd06083ff302812aeed83e4fafa478,N,PLANE_KEYMSK_1_A|PLANE_KEYMSK_1_B|PLANE_KEYMSK_1_C|PLANE_KEYMSK_2_A|PLANE_KEYMSK_2_B|PLANE_KEYMSK_2_C|PLANE_KEYMSK_3_A|PLANE_KEYMSK_3_B|PLANE_KEYMSK_3_C|PLANE_KEYMSK_4_A|PLANE_KEYMSK_4_B|PLANE_KEYMSK_4_C|PLANE_KEYMSK_5_A|PLANE_KEYMSK_5_B|PLANE_KEYMSK_5_C|PLANE_KEYMSK_6_A|PLANE_KEYMSK_6_B|PLANE_KEYMSK_6_C|PLANE_KEYMSK_7_A|PLANE_KEYMSK_7_B|PLANE_KEYMSK_7_C
PLANE_KEYVAL,0db947f15b60d86023f63a1fdc9c7366,N,PLANE_KEYVAL_1_A|PLANE_KEYVAL_1_B|PLANE_KEYVAL_1_C|PLANE_KEYVAL_2_A|PLANE_KEYVAL_2_B|PLANE_KEYVAL_2_C|PLANE_KEYVAL_3_A|PLANE_KEYVAL_3_B|PLANE_KEYVAL_3_C|PLANE_KEYVAL_4_A|PLANE_KEYVAL_4_B|PLANE_KEYVAL_4_C|PLANE_KEYVAL_5_A|PLANE_KEYVAL_5_B|PLANE_KEYVAL_5_C|PLANE_KEYVAL_6_A|PLANE_KEYVAL_6_B|PLANE_KEYVAL_6_C|PLANE_KEYVAL_7_A|PLANE_KEYVAL_7_B|PLANE_KEYVAL_7_C
PLANE_LEFT_SURF,84e389ae7741a05b2504eb4b7c5968c0,N,PLANE_LEFT_SURF_1_A|PLANE_LEFT_SURF_1_B|PLANE_LEFT_SURF_1_C|PLANE_LEFT_SURF_2_A|PLANE_LEFT_SURF_2_B|PLANE_LEFT_SURF_2_C|PLANE_LEFT_SURF_3_A|PLANE_LEFT_SURF_3_B|PLANE_LEFT_SURF_3_C|PLANE_LEFT_SURF_4_A|PLANE_LEFT_SURF_4_B|PLANE_LEFT_SURF_4_C|PLANE_LEFT_SURF_5_A|PLANE_LEFT_SURF_5_B|PLANE_LEFT_SURF_5_C|PLANE_LEFT_SURF_6_A|PLANE_LEFT_SURF_6_B|PLANE_LEFT_SURF_6_C|PLANE_LEFT_SURF_7_A|PLANE_LEFT_SURF_7_B|PLANE_LEFT_SURF_7_C
PLANE_OFFSET,eac1d85faa11e3fb24e63d36d5ec966a,N,PLANE_OFFSET_1_A|PLANE_OFFSET_1_B|PLANE_OFFSET_1_C|PLANE_OFFSET_2_A|PLANE_OFFSET_2_B|PLANE_OFFSET_2_C|PLANE_OFFSET_3_A|PLANE_OFFSET_3_B|PLANE_OFFSET_3_C|PLANE_OFFSET_4_A|PLANE_OFFSET_4_B|PLANE_OFFSET_4_C|PLANE_OFFSET_5_A|PLANE_OFFSET_5_B|PLANE_OFFSET_5_C|PLANE_OFFSET_6_A|PLANE_OFFSET_6_B|PLANE_OFFSET_6_C|PLANE_OFFSET_7_A|PLANE_OFFSET_7_B|PLANE_OFFSET_7_C
PLANE_POS,5830de372522ffc321632764a55256fe,N,PLANE_POS_1_A|PLANE_POS_1_B|PLANE_POS_1_C|PLANE_POS_2_A|PLANE_POS_2_B|PLANE_POS_2_C|PLANE_POS_3_A|PLANE_POS_3_B|PLANE_POS_3_C|PLANE_POS_4_A|PLANE_POS_4_B|PLANE_POS_4_C|PLANE_POS_5_A|PLANE_POS_5_B|PLANE_POS_5_C|PLANE_POS_6_A|PLANE_POS_6_B|PLANE_POS_6_C|PLANE_POS_7_A|PLANE_POS_7_B|PLANE_POS_7_C
PLANE_SIZE,315a0cb1310abeb9197a90397576ac47,N,PLANE_SIZE_1_A|PLANE_SIZE_1_B|PLANE_SIZE_1_C|PLANE_SIZE_2_A|PLANE_SIZE_2_B|PLANE_SIZE_2_C|PLANE_SIZE_3_A|PLANE_SIZE_3_B|PLANE_SIZE_3_C|PLANE_SIZE_4_A|PLANE_SIZE_4_B|PLANE_SIZE_4_C|PLANE_SIZE_5_A|PLANE_SIZE_5_B|PLANE_SIZE_5_C|PLANE_SIZE_6_A|PLANE_SIZE_6_B|PLANE_SIZE_6_C|PLANE_SIZE_7_A|PLANE_SIZE_7_B|PLANE_SIZE_7_C
PLANE_STRIDE,e68ef39dc8e8ed1c4dddd95844fcb3be,N,PLANE_STRIDE_1_A|PLANE_STRIDE_1_B|PLANE_STRIDE_1_C|PLANE_STRIDE_2_A|PLANE_STRIDE_2_B|PLANE_STRIDE_2_C|PLANE_STRIDE_3_A|PLANE_STRIDE_3_B|PLANE_STRIDE_3_C|PLANE_STRIDE_4_A|PLANE_STRIDE_4_B|PLANE_STRIDE_4_C|PLANE_STRIDE_5_A|PLANE_STRIDE_5_B|PLANE_STRIDE_5_C|PLANE_STRIDE_6_A|PLANE_STRIDE_6_B|PLANE_STRIDE_6_C|PLANE_STRIDE_7_A|PLANE_STRIDE_7_B|PLANE_STRIDE_7_C
PLANE_SURF,2891092d4f03f8d7cbbfae3d72af465d,N,PLANE_SURF_1_A|PLANE_SURF_1_B|PLANE_SURF_1_C|PLANE_SURF_2_A|PLANE_SURF_2_B|PLANE_SURF_2_C|PLANE_SURF_3_A|PLANE_SURF_3_B|PLANE_SURF_3_C|PLANE_SURF_4_A|PLANE_SURF_4_B|PLANE_SURF_4_C|PLANE_SURF_5_A|PLANE_SURF_5_B|PLANE_SURF_5_C|PLANE_SURF_6_A|PLANE_SURF_6_B|PLANE_SURF_6_C|PLANE_SURF_7_A|PLANE_SURF_7_B|PLANE_SURF_7_C
PLANE_WM,0991ac1438426c3035b7a36a6120158f,N,CUR_WM_TRANS_A|CUR_WM_TRANS_B|CUR_WM_TRANS_C|CUR_WM_A_0|CUR_WM_A_1|CUR_WM_A_2|CUR_WM_A_3|CUR_WM_A_4|CUR_WM_A_5|CUR_WM_A_6|CUR_WM_A_7|CUR_WM_B_0|CUR_WM_B_1|CUR_WM_B_2|CUR_WM_B_3|CUR_WM_B_4|CUR_WM_B_5|CUR_WM_B_6|CUR_WM_B_7|CUR_WM_C_0|CUR_WM_C_1|CUR_WM_C_2|CUR_WM_C_3|CUR_WM_C_4|CUR_WM_C_5|CUR_WM_C_6|CUR_WM_C_7|PLANE_WM_0_1_A|PLANE_WM_0_1_B|PLANE_WM_0_1_C|PLANE_WM_0_2_A|PLANE_WM_0_2_B|PLANE_WM_0_2_C|PLANE_WM_0_3_A|PLANE_WM_0_3_B|PLANE_WM_0_3_C|PLANE_WM_0_4_A|PLANE_WM_0_4_B|PLANE_WM_0_4_C|PLANE_WM_0_5_A|PLANE_WM_0_5_B|PLANE_WM_0_5_C|PLANE_WM_0_6_A|PLANE_WM_0_6_B|PLANE_WM_0_6_C|PLANE_WM_0_7_A|PLANE_WM_0_7_B|PLANE_WM_0_7_C|PLANE_WM_1_1_A|PLANE_WM_1_1_B|PLANE_WM_1_1_C|PLANE_WM_1_2_A|PLANE_WM_1_2_B|PLANE_WM_1_2_C|PLANE_WM_1_3_A|PLANE_WM_1_3_B|PLANE_WM_1_3_C|PLANE_WM_1_4_A|PLANE_WM_1_4_B|PLANE_WM_1_4_C|PLANE_WM_1_5_A|PLANE_WM_1_5_B|PLANE_WM_1_5_C|PLANE_WM_1_6_A|PLANE_WM_1_6_B|PLANE_WM_1_6_C|PLANE_WM_1_7_A|PLANE_WM_1_7_B|PLANE_WM_1_7_C|PLANE_WM_2_1_A|PLANE_WM_2_1_B|PLANE_WM_2_1_C|PLANE_WM_2_2_A|PLANE_WM_2_2_B|PLANE_WM_2_2_C|PLANE_WM_2_3_A|PLANE_WM_2_3_B|PLANE_WM_2_3_C|PLANE_WM_2_4_A|PLANE_WM_2_4_B|PLANE_WM_2_4_C|PLANE_WM_2_5_A|PLANE_WM_2_5_B|PLANE_WM_2_5_C|PLANE_WM_2_6_A|PLANE_WM_2_6_B|PLANE_WM_2_6_C|PLANE_WM_2_7_A|PLANE_WM_2_7_B|PLANE_WM_2_7_C|PLANE_WM_3_1_A|PLANE_WM_3_1_B|PLANE_WM_3_1_C|PLANE_WM_3_2_A|PLANE_WM_3_2_B|PLANE_WM_3_2_C|PLANE_WM_3_3_A|PLANE_WM_3_3_B|PLANE_WM_3_3_C|PLANE_WM_3_4_A|PLANE_WM_3_4_B|PLANE_WM_3_4_C|PLANE_WM_3_5_A|PLANE_WM_3_5_B|PLANE_WM_3_5_C|PLANE_WM_3_6_A|PLANE_WM_3_6_B|PLANE_WM_3_6_C|PLANE_WM_3_7_A|PLANE_WM_3_7_B|PLANE_WM_3_7_C|PLANE_WM_4_1_A|PLANE_WM_4_1_B|PLANE_WM_4_1_C|PLANE_WM_4_2_A|PLANE_WM_4_2_B|PLANE_WM_4_2_C|PLANE_WM_4_3_A|PLANE_WM_4_3_B|PLANE_WM_4_3_C|PLANE_WM_4_4_A|PLANE_WM_4_4_B|PLANE_WM_4_4_C|PLANE_WM_4_5_A|PLANE_WM_4_5_B|PLANE_WM_4_5_C|PLANE_WM_4_6_A|PLANE_WM_4_6_B|PLANE_WM_4_6_C|PLANE_WM_4_7_A|PLANE_WM_4_7_B|PLANE_WM_4_7_C|PLANE_WM_5_1_A|PLANE_WM_5_1_B|PLANE_WM_5_1_C|PLANE_WM_5_2_A|PLANE_WM_5_2_B|PLANE_WM_5_2_C|PLANE_WM_5_3_A|PLANE_WM_5_3_B|PLANE_WM_5_3_C|PLANE_WM_5_4_A|PLANE_WM_5_4_B|PLANE_WM_5_4_C|PLANE_WM_5_5_A|PLANE_WM_5_5_B|PLANE_WM_5_5_C|PLANE_WM_5_6_A|PLANE_WM_5_6_B|PLANE_WM_5_6_C|PLANE_WM_5_7_A|PLANE_WM_5_7_B|PLANE_WM_5_7_C|PLANE_WM_6_1_A|PLANE_WM_6_1_B|PLANE_WM_6_1_C|PLANE_WM_6_2_A|PLANE_WM_6_2_B|PLANE_WM_6_2_C|PLANE_WM_6_3_A|PLANE_WM_6_3_B|PLANE_WM_6_3_C|PLANE_WM_6_4_A|PLANE_WM_6_4_B|PLANE_WM_6_4_C|PLANE_WM_6_5_A|PLANE_WM_6_5_B|PLANE_WM_6_5_C|PLANE_WM_6_6_A|PLANE_WM_6_6_B|PLANE_WM_6_6_C|PLANE_WM_6_7_A|PLANE_WM_6_7_B|PLANE_WM_6_7_C|PLANE_WM_7_1_A|PLANE_WM_7_1_B|PLANE_WM_7_1_C|PLANE_WM_7_2_A|PLANE_WM_7_2_B|PLANE_WM_7_2_C|PLANE_WM_7_3_A|PLANE_WM_7_3_B|PLANE_WM_7_3_C|PLANE_WM_7_4_A|PLANE_WM_7_4_B|PLANE_WM_7_4_C|PLANE_WM_7_5_A|PLANE_WM_7_5_B|PLANE_WM_7_5_C|PLANE_WM_7_6_A|PLANE_WM_7_6_B|PLANE_WM_7_6_C|PLANE_WM_7_7_A|PLANE_WM_7_7_B|PLANE_WM_7_7_C|PLANE_WM_TRANS_1_A|PLANE_WM_TRANS_1_B|PLANE_WM_TRANS_1_C|PLANE_WM_TRANS_2_A|PLANE_WM_TRANS_2_B|PLANE_WM_TRANS_2_C|PLANE_WM_TRANS_3_A|PLANE_WM_TRANS_3_B|PLANE_WM_TRANS_3_C|PLANE_WM_TRANS_4_A|PLANE_WM_TRANS_4_B|PLANE_WM_TRANS_4_C|PLANE_WM_TRANS_5_A|PLANE_WM_TRANS_5_B|PLANE_WM_TRANS_5_C|PLANE_WM_TRANS_6_A|PLANE_WM_TRANS_6_B|PLANE_WM_TRANS_6_C|PLANE_WM_TRANS_7_A|PLANE_WM_TRANS_7_B|PLANE_WM_TRANS_7_C
PORT_CL_DW10,a13d69217efe72035874acadc7e0f74f,N,PORT_CL_DW10_A|PORT_CL_DW10_B
PORT_CL_DW12,7d77780aaf5eb7d78bb20225bf046b4e,N,PORT_CL_DW12_A|PORT_CL_DW12_B
PORT_CL_DW5,ff8ac66c12fabcc39e7119a8def41a21,N,PORT_CL_DW5_A|PORT_CL_DW5_B
PORT_COMP_DW0,7c9328c1a3b487b49c04c4ba9c891a81,N,PORT_COMP_DW0_A|PORT_COMP_DW0_B
PORT_COMP_DW1,fde7592b5d9a5b596711f287b4bb6a06,N,PORT_COMP_DW1_A|PORT_COMP_DW1_B
PORT_COMP_DW10,c1b1505013d7b6ec959384c73231b80b,N,PORT_COMP_DW10_A|PORT_COMP_DW10_B
PORT_COMP_DW9,691726de75e7a4c027299aa0180fadd4,N,PORT_COMP_DW9_A|PORT_COMP_DW9_B
PORT_PCS_DW1,d98c9d15b5e892ecd02ff00083f07d90,N,PORT_PCS_DW1_AUX_A|PORT_PCS_DW1_AUX_B|PORT_PCS_DW1_GRP_A|PORT_PCS_DW1_GRP_B
PORT_TX_DFLEXDPMLE1,9e0c51ed6d6aa2a21cacd9164ffa7916,N,PORT_TX_DFLEXDPMLE1
PORT_TX_DFLEXDPPMS,ebe0edab76bfcbeb273b601ed8b21876,N,PORT_TX_DFLEXDPPMS
PORT_TX_DFLEXNPCPMS,cae6d69e71b235ecaa2445bb0f3ff505,N,PORT_TX_DFLEXNPCPMS
PORT_TX_DFLEXOLEN1,e24ba9ea9f857020a5a1d904896c5b63,N,PORT_TX_DFLEXOLEN1
PORT_TX_DFLEXPCPMS1,f04b58b1ea746df3925e3750550e00e9,N,PORT_TX_DFLEXPCPMS1
PORT_TX_DFLEXPCPROE1,51825152628d1ef50d23a5ef3fbf315f,N,PORT_TX_DFLEXPCPROE1
PORT_TX_DFLEXPCPROIP1,05775c8b40b797a4247cad3150f3456b,N,PORT_TX_DFLEXPCPROIP1
PORT_TX_DFLEXPLL1S,5dcdf97fd350b5bae8066456ce767841,N,PORT_TX_DFLEXPLL1S
PORT_TX_DFLEXPLL2S,2561c3b9ac98756e59d887767675c2df,N,PORT_TX_DFLEXPLL2S
PORT_TX_DFLEXUSSRTOE,5e595b50441c963dde75377743a5c006,N,PORT_TX_DFLEXUSSRTOE
PORT_TX_DW2,2b22a2c63cb183bd5911b8e41e6a4262,N,PORT_TX_DW2_AUX_A|PORT_TX_DW2_AUX_B|PORT_TX_DW2_GRP_A|PORT_TX_DW2_GRP_B|PORT_TX_DW2_LN0_A|PORT_TX_DW2_LN0_B|PORT_TX_DW2_LN1_A|PORT_TX_DW2_LN1_B|PORT_TX_DW2_LN2_A|PORT_TX_DW2_LN2_B|PORT_TX_DW2_LN3_A|PORT_TX_DW2_LN3_B
PORT_TX_DW4,7617ed29f5949a312c85401fde85c0b1,N,PORT_TX_DW4_AUX_A|PORT_TX_DW4_AUX_B|PORT_TX_DW4_GRP_A|PORT_TX_DW4_GRP_B|PORT_TX_DW4_LN0_A|PORT_TX_DW4_LN0_B|PORT_TX_DW4_LN1_A|PORT_TX_DW4_LN1_B|PORT_TX_DW4_LN2_A|PORT_TX_DW4_LN2_B|PORT_TX_DW4_LN3_A|PORT_TX_DW4_LN3_B
PORT_TX_DW5,e4a91531df6dba4faec40ff73f611711,N,PORT_TX_DW5_AUX_A|PORT_TX_DW5_AUX_B|PORT_TX_DW5_GRP_A|PORT_TX_DW5_GRP_B|PORT_TX_DW5_LN0_A|PORT_TX_DW5_LN0_B|PORT_TX_DW5_LN1_A|PORT_TX_DW5_LN1_B|PORT_TX_DW5_LN2_A|PORT_TX_DW5_LN2_B|PORT_TX_DW5_LN3_A|PORT_TX_DW5_LN3_B
PS_ADAPTIVE_CTRL,6ed8a3710946d2e68d833fe5fa6e7f41,N,PS_ADAPTIVE_CTRL_SET_0_1_A|PS_ADAPTIVE_CTRL_SET_0_1_B|PS_ADAPTIVE_CTRL_SET_0_1_C|PS_ADAPTIVE_CTRL_SET_0_2_A|PS_ADAPTIVE_CTRL_SET_0_2_B|PS_ADAPTIVE_CTRL_SET_0_2_C|PS_ADAPTIVE_CTRL_SET_1_1_A|PS_ADAPTIVE_CTRL_SET_1_1_B|PS_ADAPTIVE_CTRL_SET_1_1_C|PS_ADAPTIVE_CTRL_SET_1_2_A|PS_ADAPTIVE_CTRL_SET_1_2_B|PS_ADAPTIVE_CTRL_SET_1_2_C
PS_COEF_DATA,0fa77d3f4cfc356405d7feba997d86fd,N,PS_COEF_SET_0_DATA_1_A|PS_COEF_SET_0_DATA_1_B|PS_COEF_SET_0_DATA_1_C|PS_COEF_SET_0_DATA_2_A|PS_COEF_SET_0_DATA_2_B|PS_COEF_SET_0_DATA_2_C|PS_COEF_SET_1_DATA_1_A|PS_COEF_SET_1_DATA_1_B|PS_COEF_SET_1_DATA_1_C|PS_COEF_SET_1_DATA_2_A|PS_COEF_SET_1_DATA_2_B|PS_COEF_SET_1_DATA_2_C
PS_COEF_INDEX,ac299bf3adfcd87799f01e35664fd304,N,PS_COEF_SET_0_INDEX_1_A|PS_COEF_SET_0_INDEX_1_B|PS_COEF_SET_0_INDEX_1_C|PS_COEF_SET_0_INDEX_2_A|PS_COEF_SET_0_INDEX_2_B|PS_COEF_SET_0_INDEX_2_C|PS_COEF_SET_1_INDEX_1_A|PS_COEF_SET_1_INDEX_1_B|PS_COEF_SET_1_INDEX_1_C|PS_COEF_SET_1_INDEX_2_A|PS_COEF_SET_1_INDEX_2_B|PS_COEF_SET_1_INDEX_2_C
PS_CTRL,0d10d20780d621a753f5677a08c464cb,N,PS_CTRL_1_A|PS_CTRL_1_B|PS_CTRL_1_C|PS_CTRL_2_A|PS_CTRL_2_B|PS_CTRL_2_C
PS_ECC_STAT,c0b9ef75b2b4ef6d5d3f5cd8ddaf3e2a,N,PS_ECC_STAT_1_A|PS_ECC_STAT_1_B|PS_ECC_STAT_1_C|PS_ECC_STAT_2_A|PS_ECC_STAT_2_B|PS_ECC_STAT_2_C
PS_HPHASE,b1381ee4730876d82c158954fcca95b4,N,PS_HPHASE_1_A|PS_HPHASE_1_B|PS_HPHASE_1_C|PS_HPHASE_2_A|PS_HPHASE_2_B|PS_HPHASE_2_C
PS_HSCALE,7e83864b612ee6ed9fbdbcaff4d849be,N,PS_HSCALE_1_A|PS_HSCALE_1_B|PS_HSCALE_1_C|PS_HSCALE_2_A|PS_HSCALE_2_B|PS_HSCALE_2_C
PS_PWR_GATE,cc763fb34afaa7b5fb313a8ac6b80385,N,PS_PWR_GATE_1_A|PS_PWR_GATE_1_B|PS_PWR_GATE_1_C|PS_PWR_GATE_2_A|PS_PWR_GATE_2_B|PS_PWR_GATE_2_C
PS_VPHASE,8b4b9053c842f9f8905ca3d543c8f48b,N,PS_VPHASE_1_A|PS_VPHASE_1_B|PS_VPHASE_1_C|PS_VPHASE_2_A|PS_VPHASE_2_B|PS_VPHASE_2_C
PS_VSCALE,7a3c583c9fa0c977942972cb7daa4bd2,N,PS_VSCALE_1_A|PS_VSCALE_1_B|PS_VSCALE_1_C|PS_VSCALE_2_A|PS_VSCALE_2_B|PS_VSCALE_2_C
PS_WIN_POS,4743e6fa742eff40cd264d3867348926,N,PS_WIN_POS_1_A|PS_WIN_POS_1_B|PS_WIN_POS_1_C|PS_WIN_POS_2_A|PS_WIN_POS_2_B|PS_WIN_POS_2_C
PS_WIN_SZ,e4338737be2ab9d44d0148fe6369ffd4,N,PS_WIN_SZ_1_A|PS_WIN_SZ_1_B|PS_WIN_SZ_1_C|PS_WIN_SZ_2_A|PS_WIN_SZ_2_B|PS_WIN_SZ_2_C
PWR_WELL_CTL,44affc3ee609430e933c53b0a48b2905,N,PWR_WELL_CTL1|PWR_WELL_CTL2|PWR_WELL_CTL4
PWR_WELL_CTL_AUX,3153b0b980ee932c5f3ab95cc7f3ee30,N,PWR_WELL_CTL_AUX1|PWR_WELL_CTL_AUX2|PWR_WELL_CTL_AUX4
PWR_WELL_CTL_DDI,72caa271cfb1828a9e2ed46f2659b0eb,N,PWR_WELL_CTL_DDI1|PWR_WELL_CTL_DDI2|PWR_WELL_CTL_DDI4
TRANS_CLK_SEL,ddfe97c964fd4c07697a1f11cec17ace,N,TRANS_CLK_SEL_A|TRANS_CLK_SEL_B|TRANS_CLK_SEL_C
TRANS_CONF,089ad2cf1d23adec57a70ae35dbb2bb1,N,TRANS_CONF_DSI0|TRANS_CONF_DSI1|TRANS_CONF_WD0|TRANS_CONF_WD1|TRANS_CONF_A|TRANS_CONF_B|TRANS_CONF_C|TRANS_CONF_EDP
TRANS_DDI_FUNC_CTL,f23d871f0b9f5e324930bdc870c04205,N,TRANS_DDI_FUNC_CTL_DSI0|TRANS_DDI_FUNC_CTL_DSI1|TRANS_DDI_FUNC_CTL_A|TRANS_DDI_FUNC_CTL_B|TRANS_DDI_FUNC_CTL_C|TRANS_DDI_FUNC_CTL_EDP
TRANS_DDI_FUNC_CTL2,24f3224868d0f9c2786d4cdffac6996b,N,TRANS_DDI_FUNC_CTL2_DSI0|TRANS_DDI_FUNC_CTL2_DSI1|TRANS_DDI_FUNC_CTL2_A|TRANS_DDI_FUNC_CTL2_B|TRANS_DDI_FUNC_CTL2_C|TRANS_DDI_FUNC_CTL2_EDP
TRANS_DSI_FUNC_CONF,32be20b0e26d84cf4a1f3673b61ca8ee,N,TRANS_DSI_FUNC_CONF_0|TRANS_DSI_FUNC_CONF_1
TRANS_FRM_TIME,f50849ffec07110b9ae4a5726ba65d8b,N,TRANS_FRM_TIME_WD0|TRANS_FRM_TIME_WD1
TRANS_HBLANK,712f6c0debf3931697b3c9f36a1b35e1,N,TRANS_HBLANK_A|TRANS_HBLANK_B|TRANS_HBLANK_C|TRANS_HBLANK_EDP
TRANS_HSYNC,bcb9346d1611473af5f5fe79501c8593,N,TRANS_HSYNC_DSI0|TRANS_HSYNC_DSI1|TRANS_HSYNC_A|TRANS_HSYNC_B|TRANS_HSYNC_C|TRANS_HSYNC_EDP
TRANS_HTOTAL,427730d1348dc5a11de884491e1a79c2,N,TRANS_HTOTAL_DSI0|TRANS_HTOTAL_DSI1|TRANS_HTOTAL_WD0|TRANS_HTOTAL_WD1|TRANS_HTOTAL_A|TRANS_HTOTAL_B|TRANS_HTOTAL_C|TRANS_HTOTAL_EDP
TRANS_MULT,00db25b556f36267a11b7a92abde2730,N,TRANS_MULT_A|TRANS_MULT_B|TRANS_MULT_C
TRANS_SPACE,bea79b88dd4081a075fdeb5a0f99f0df,N,TRANS_SPACE_DSI0|TRANS_SPACE_DSI1|TRANS_SPACE_A|TRANS_SPACE_B|TRANS_SPACE_C|TRANS_SPACE_EDP
TRANS_VBLANK,1b78f5852347f69d8a6f3c210d422d07,N,TRANS_VBLANK_A|TRANS_VBLANK_B|TRANS_VBLANK_C|TRANS_VBLANK_EDP
TRANS_VRR_CTL,9c150c0a613ffc1070ed967eb856a39a,N,TRANS_VRR_CTL_A|TRANS_VRR_CTL_B|TRANS_VRR_CTL_C|TRANS_VRR_CTL_EDP
TRANS_VRR_STATUS,8df90e292533dd856ede9d85b19fdc06,N,TRANS_VRR_STATUS_A|TRANS_VRR_STATUS_B|TRANS_VRR_STATUS_C|TRANS_VRR_STATUS_EDP
TRANS_VRR_VMAX,8404229a40e865bdb18bf0c0deb9d25d,N,TRANS_VRR_VMAX_A|TRANS_VRR_VMAX_B|TRANS_VRR_VMAX_C|TRANS_VRR_VMAX_EDP
TRANS_VRR_VMAXSHIFT,921c52a153d16f485165b392fb1f5755,N,TRANS_VRR_VMAXSHIFT_A|TRANS_VRR_VMAXSHIFT_B|TRANS_VRR_VMAXSHIFT_C|TRANS_VRR_VMAXSHIFT_EDP
TRANS_VRR_VMIN,067e9b4e3d9db181eb7e5eb1ad01a188,N,TRANS_VRR_VMIN_A|TRANS_VRR_VMIN_B|TRANS_VRR_VMIN_C|TRANS_VRR_VMIN_EDP
TRANS_VSYNC,b1458f542eec8d94b21b5bf95a4d81bb,N,TRANS_VSYNC_DSI0|TRANS_VSYNC_DSI1|TRANS_VSYNC_A|TRANS_VSYNC_B|TRANS_VSYNC_C|TRANS_VSYNC_EDP
TRANS_VSYNCSHIFT,52dc37118f8bdab3dafe2648cf3b6695,N,TRANS_VSYNCSHIFT_DSI0|TRANS_VSYNCSHIFT_DSI1|TRANS_VSYNCSHIFT_A|TRANS_VSYNCSHIFT_B|TRANS_VSYNCSHIFT_C|TRANS_VSYNCSHIFT_EDP
TRANS_VTOTAL,eb0d3a4e9404479274feac79ff58d5fa,N,TRANS_VTOTAL_DSI0|TRANS_VTOTAL_DSI1|TRANS_VTOTAL_WD0|TRANS_VTOTAL_WD1|TRANS_VTOTAL_A|TRANS_VTOTAL_B|TRANS_VTOTAL_C|TRANS_VTOTAL_EDP
TRANS_WD_FUNC_CTL,fc4166832f54311030c9a1e10601b767,N,TRANS_WD_FUNC_CTL_0|TRANS_WD_FUNC_CTL_1
UTIL_PIN_CTL,616a986a18a0ca54d70eb043ff049c63,N,UTIL_PIN_CTL
VGA_CONTROL,d4bb2a52b714aaec6184b5b53de564ed,N,VGA_CONTROL
WD_STRIDE,e7a9c8bd0361992b6e55feae0a7171d2,N,WD_STRIDE_0|WD_STRIDE_1
WD_SURF,6fcacfe3f8dc3c852440683bb30d32d8,N,WD_SURF_0|WD_SURF_1
WD_TAIL_CFG,6611c9e93d7aa6084a3e53094cf3b536,N,WD_TAIL_CFG_0|WD_TAIL_CFG_1
WM_LINETIME,275dcf4f72294651a6faa561acc172a7,N,WM_LINETIME_A|WM_LINETIME_B
